gtxId,morderId,pgtxId,status,gmid,gpgid,txnType,amount,amountPaisa,currency,payerIfsc,payeeIfsc,mterminalId,gpgMode,description,pgrefundId,pgrefundStatus,createdDt,updatedDt,createdBy,updatedBy
GEN20251026874364647,ORDER00650,null,SUCCESS,250507631836,null,PAYIN,3.00,300,INR,null,null,null,null,null,null,null,2025-10-26T16:17:33.893737,2025-10-26T16:18:00.161336,null,null
GEN20251026563621416,ORDER00649,null,SUCCESS,250507631836,null,PAYIN,3.00,300,INR,null,null,null,null,null,null,null,2025-10-26T01:18:56.817238,2025-10-26T01:20:00.211743,null,null
GEN20251026845457384,ORDER5JX7S9OL,null,FAILED,250507631836,null,PAYIN,2.00,200,INR,null,null,null,null,null,null,null,2025-10-26T01:13:25.142665,2025-10-26T01:14:00.192166,null,null
GEN20251026657845017,ORDERS8Z99ZEM,null,FAILED,250507631836,null,PAYIN,2.00,200,INR,null,null,null,null,null,null,null,2025-10-26T01:09:07.121648,2025-10-26T01:11:40.712457,null,null
GEN20251026648915465,ORDERYCPWR6ZQ,null,FAILED,250507631836,null,PAYIN,2.00,200,INR,null,null,null,null,null,null,null,2025-10-26T00:57:34.947144,2025-10-26T01:10:50.642911,null,null
GEN20251026404880244,ORDERFOVWDENI,null,FAILED,250507631836,null,PAYIN,2.00,200,INR,null,null,null,null,null,null,null,2025-10-26T00:48:31.227775,2025-10-26T01:10:00.137474,null,null
GEN20251026848753376,ORDERON2JAAKV,null,SUCCESS,250507631836,null,PAYIN,2.00,200,INR,null,null,null,null,null,null,null,2025-10-26T00:26:42.939450,2025-10-26T00:27:00.131182,null,null
GEN20251025552965315,ORDERJQ2OHJPX,null,PENDING,250507631836,null,PAYIN,2.00,200,INR,null,null,null,null,null,null,null,2025-10-25T03:39:26.688031,2025-10-25T03:39:26.689742,null,null
GEN20251025070850091,ORDEROIGIRZ7Z,null,SUCCESS,250507631836,null,PAYIN,2.00,200,INR,null,null,null,null,null,null,null,2025-10-25T03:37:34.097188,2025-10-25T03:38:00.123372,null,null
GEN20251025794157346,ORDER0Z2RX6IX,null,SUCCESS,250507631836,null,PAYIN,2.00,200,INR,null,null,null,null,null,null,null,2025-10-25T03:29:12.498136,2025-10-25T03:32:50.130909,null,null
GEN20251025360991430,ORDER96RZTL8D,null,SUCCESS,250507631836,null,PAYIN,2.00,200,INR,null,null,null,null,null,null,null,2025-10-25T03:25:59.577983,2025-10-25T03:26:00.090902,null,null
GEN20251025961965417,ORDERRCPW1RI0,null,SUCCESS,250507631836,null,PAYIN,2.00,200,INR,null,null,null,null,null,null,null,2025-10-25T02:11:11.796937,2025-10-25T02:12:49.837002,null,null
GEN20251025665223554,ORDER00647,null,SUCCESS,250507631836,null,PAYIN,3.00,300,INR,null,null,null,null,null,null,null,2025-10-25T02:05:24.414415,2025-10-25T02:11:00.148029,null,null
GEN20251025957904209,ORDER0LTTAJYP,null,FAILED,250507631836,null,PAYIN,2.00,200,INR,null,null,null,null,null,null,null,2025-10-25T02:10:25.974263,2025-10-25T02:10:25.976428,null,null
GEN20251025082260534,ORDERQKDQPOD3,null,SUCCESS,250507631836,null,PAYIN,2.00,200,INR,null,null,null,null,null,null,null,2025-10-25T01:14:03.958610,2025-10-25T02:09:00.128741,null,null
GEN20251024977984286,ORDERCFTVU5Y9,null,PENDING,250507631836,null,PAYIN,2.00,200,INR,null,null,null,null,null,null,null,2025-10-24T22:08:32.992837,2025-10-24T22:08:32.998542,null,null
GEN20251024236272624,ORDERNRKL0Z5Q,null,PENDING,250507631836,null,PAYIN,2.00,200,INR,null,null,null,null,null,null,null,2025-10-24T21:29:23.608111,2025-10-24T21:29:23.632041,null,null
GEN20251024004953586,ORDERSEW335LO,null,PENDING,250507631836,null,PAYIN,2.00,200,INR,null,null,null,null,null,null,null,2025-10-24T18:32:06.887458,2025-10-24T18:32:06.896023,null,null
GEN20251022215012747,ORDERGPPMVBSS,null,PENDING,250507631836,null,PAYIN,2.00,200,INR,null,null,null,null,null,null,null,2025-10-22T02:31:25.645951,2025-10-22T02:31:25.650051,null,null
GEN20251022594747169,ORDERPJZ6FA3H,null,PENDING,250507631836,null,PAYIN,2.00,200,INR,null,null,null,null,null,null,null,2025-10-22T02:24:49.305103,2025-10-22T02:24:49.314996,null,null
GEN20251019763222470,ORDERDG1X5E6H,null,PENDING,250507631836,null,PAYIN,2.00,200,INR,null,null,null,null,null,null,null,2025-10-19T04:47:02.648084,2025-10-19T04:47:02.658227,null,null
GEN20251019408031182,ORDERWUTGNHDJ,null,SUCCESS,250507631836,null,PAYIN,2.00,200,INR,null,null,null,null,null,null,null,2025-10-19T04:38:19.148822,2025-10-19T04:39:00.117281,null,null
GEN20251019599873499,ORDERIU5RP0CF,null,SUCCESS,250507631836,null,PAYIN,2.00,200,INR,null,null,null,null,null,null,null,2025-10-19T04:30:41.529630,2025-10-19T04:31:00.101616,null,null
GEN20251019798795729,ORDERISSUYK7K,null,FAILED,250507631836,null,PAYIN,2.00,200,INR,null,null,null,null,null,null,null,2025-10-19T04:23:57.112887,2025-10-19T04:30:00.194166,null,null
GEN20251019915419711,ORDER2SLHPCGN,null,SUCCESS,250507631836,null,PAYIN,2.00,200,INR,null,null,null,null,null,null,null,2025-10-19T04:14:06.977233,2025-10-19T04:16:41.510055,null,null
GEN20251014975675863,DRENT1760420244876,null,SUCCESS,250507631836,null,PAYIN,1150.00,115000,INR,null,null,null,null,null,null,null,2025-10-14T11:17:42.262860,2025-10-14T11:21:10.010328,null,null
GEN20251014804368172,ORDERDDMZBA67,null,SUCCESS,250507631836,null,PAYIN,2.00,200,INR,null,null,null,null,null,null,null,2025-10-14T04:35:36.942553,2025-10-14T04:41:03.410573,null,null
GEN20251014100860087,ORDERIJVUG6OH,null,SUCCESS,250507631836,null,PAYIN,2.00,200,INR,null,null,null,null,null,null,null,2025-10-14T04:31:32.863248,2025-10-14T04:32:00.075252,null,null
GEN20251014964485702,ORDERRUE4ZRJV,null,SUCCESS,250507631836,null,PAYIN,2.00,200,INR,null,null,null,null,null,null,null,2025-10-14T04:24:34.164325,2025-10-14T04:25:00.110548,null,null
GEN20251014171672432,ORDERQ2KWK0PA,null,SUCCESS,250507631836,null,PAYIN,2.00,200,INR,null,null,null,null,null,null,null,2025-10-14T04:21:43.246995,2025-10-14T04:22:00.132098,null,null
GEN20251014485449288,ORDER0DMZ386B,null,SUCCESS,250507631836,null,PAYIN,2.00,200,INR,null,null,null,null,null,null,null,2025-10-14T04:20:26.777878,2025-10-14T04:21:00.122545,null,null
GEN20251014236372438,ORDERQSQFAOVE,null,SUCCESS,250507631836,null,PAYIN,2.00,200,INR,null,null,null,null,null,null,null,2025-10-14T04:18:20.798006,2025-10-14T04:19:00.214405,null,null
GEN20251014763469279,ORDER1HGHIKWV,null,SUCCESS,250507631836,null,PAYIN,2.00,200,INR,null,null,null,null,null,null,null,2025-10-14T04:17:32.910339,2025-10-14T04:18:00.145349,null,null
GEN20251014645951232,ORDER6XEST6UP,null,SUCCESS,250507631836,null,PAYIN,2.00,200,INR,null,null,null,null,null,null,null,2025-10-14T03:46:47.263598,2025-10-14T03:47:00.119285,null,null
GEN20251014115608538,ORDERURXE3AAL,null,SUCCESS,250507631836,null,PAYIN,2.00,200,INR,null,null,null,null,null,null,null,2025-10-14T03:11:28.696341,2025-10-14T03:12:00.150303,null,null
GEN20251014684996189,sagartest001,null,SUCCESS,250507631836,null,PAYIN,6.00,600,INR,null,null,null,null,null,null,null,2025-10-14T02:48:22.024627,2025-10-14T02:49:03.723134,null,null
GEN20251013796366572,ABCDOEFGHIKLMNO,null,PENDING,250507631836,null,PAYIN,6.00,600,INR,null,null,null,null,null,null,null,2025-10-13T18:55:44.152446,2025-10-13T18:55:44.159738,null,null
GEN20251013296825196,ORDERCR6TSJR8,null,PENDING,250507631836,null,PAYIN,2.00,200,INR,null,null,null,null,null,null,null,2025-10-13T16:58:46.529876,2025-10-13T16:58:46.535425,null,null
GEN20251010936706992,ORDER1NM04SUZ,null,FAILED,250507631836,null,PAYIN,50.00,5000,INR,null,null,null,null,null,null,null,2025-10-10T17:43:39.188659,2025-10-10T17:44:00.108288,null,null
GEN20251010967479599,ORDERZ1K7Q1YK,null,FAILED,250507631836,null,PAYIN,2.00,200,INR,null,null,null,null,null,null,null,2025-10-10T17:41:43.122781,2025-10-10T17:42:00.143014,null,null
GEN20251010654982071,ORDERH17KSFXA,null,SUCCESS,250507631836,null,PAYIN,2.00,200,INR,null,null,null,null,null,null,null,2025-10-10T17:39:46.540952,2025-10-10T17:41:13.894434,null,null
GEN20251010867206053,ORDER7DJ0Q1VG,null,SUCCESS,250507631836,null,PAYIN,2.00,200,INR,null,null,null,null,null,null,null,2025-10-10T17:37:56.919042,2025-10-10T17:38:10.796983,null,null
GEN20251010076384090,ORDERYXNL4X62,null,SUCCESS,250507631836,null,PAYIN,2.00,200,INR,null,null,null,null,null,null,null,2025-10-10T17:31:02.906781,2025-10-10T17:32:00.116139,null,null
GEN20251010289451422,ORDER601LXLH6,null,SUCCESS,250507631836,null,PAYIN,2.00,200,INR,null,null,null,null,null,null,null,2025-10-10T17:28:18.921779,2025-10-10T17:29:00.150360,null,null
GEN20251010354830647,ORDER06KZW69J,null,SUCCESS,250507631836,null,PAYIN,2.00,200,INR,null,null,null,null,null,null,null,2025-10-10T17:23:12.421249,2025-10-10T17:24:00.135428,null,null
GEN20251010676586632,ORDERABU1EP7K,null,SUCCESS,250507631836,null,PAYIN,2.00,200,INR,null,null,null,null,null,null,null,2025-10-10T17:21:20.181704,2025-10-10T17:22:00.175958,null,null
GEN20251010049370305,ORDERY36ITBQ0,null,SUCCESS,250507631836,null,PAYIN,2.00,200,INR,null,null,null,null,null,null,null,2025-10-10T17:20:55.096362,2025-10-10T17:21:00.136898,null,null
GEN20251010964820041,ORDERS6SB275Y,null,SUCCESS,250507631836,null,PAYIN,2.00,200,INR,null,null,null,null,null,null,null,2025-10-10T11:46:42.942534,2025-10-10T11:47:10.918056,null,null
GEN20251010939825484,ORDER38VHUZF2,null,SUCCESS,250507631836,null,PAYIN,2.00,200,INR,null,null,null,null,null,null,null,2025-10-10T08:10:02.840435,2025-10-10T08:18:00.584260,null,null
GEN20251010885450874,ORDERSAGAR001,null,SUCCESS,250507631836,null,PAYIN,6.00,600,INR,null,null,null,null,null,null,null,2025-10-10T07:33:44.581596,2025-10-10T08:16:20.936110,null,null
GEN20251010843857574,ORDER0BJSF5A2,null,SUCCESS,250507631836,null,PAYIN,2.00,200,INR,null,null,null,null,null,null,null,2025-10-10T08:15:14.782653,2025-10-10T08:16:17.570764,null,null
GEN20251010301707813,ORDER6UOM702G,null,SUCCESS,250507631836,null,PAYIN,2.00,200,INR,null,null,null,null,null,null,null,2025-10-10T08:14:37.717131,2025-10-10T08:16:07.371785,null,null
GEN20251010167919907,ORDERK8VO897R,null,SUCCESS,250507631836,null,PAYIN,2.00,200,INR,null,null,null,null,null,null,null,2025-10-10T08:06:52.363196,2025-10-10T08:16:03.966959,null,null
GEN20251010007662028,ORDERBOTTBG4K,null,SUCCESS,250507631836,null,PAYIN,2.00,200,INR,null,null,null,null,null,null,null,2025-10-10T08:06:13.190400,2025-10-10T08:16:00.121362,null,null
GEN20251010649957533,ORDER9AMQ5OPT,null,SUCCESS,250507631836,null,PAYIN,2.00,200,INR,null,null,null,null,null,null,null,2025-10-10T07:20:19.378641,2025-10-10T07:22:07.059643,null,null
GEN20251010192244892,ORDERAEFB6WP6,null,SUCCESS,250507631836,null,PAYIN,2.00,200,INR,null,null,null,null,null,null,null,2025-10-10T07:18:43.772880,2025-10-10T07:22:00.117788,null,null
GEN20251010874446787,ORDERQBBQAL0K,null,FAILED,250507631836,null,PAYIN,2.00,200,INR,null,null,null,null,null,null,null,2025-10-10T07:17:20.411251,2025-10-10T07:18:07.538910,null,null
GEN20251010972651273,ORDERS8RKD2EN,null,SUCCESS,250507631836,null,PAYIN,2.00,200,INR,null,null,null,null,null,null,null,2025-10-10T05:55:44.036680,2025-10-10T06:41:00.867239,null,null
GEN20251010912357062,ORDER7OPMEZEI,null,SUCCESS,250507631836,null,PAYIN,2.00,200,INR,null,null,null,null,null,null,null,2025-10-10T06:14:13.260764,2025-10-10T06:40:54.132567,null,null
GEN20251010896872727,ORDERW7WFWGHU,null,SUCCESS,250507631836,null,PAYIN,2.00,200,INR,null,null,null,null,null,null,null,2025-10-10T05:46:09.870051,2025-10-10T06:40:47.376136,null,null
GEN20251010866247432,ORDERMVO3KQE9,null,SUCCESS,250507631836,null,PAYIN,2.00,200,INR,null,null,null,null,null,null,null,2025-10-10T06:37:38.303362,2025-10-10T06:40:43.981319,null,null
GEN20251010285782085,ORDERXBO679E5,null,FAILED,250507631836,null,PAYIN,2.00,200,INR,null,null,null,null,null,null,null,2025-10-10T05:47:44.869014,2025-10-10T05:56:03.688448,null,null
GEN20251010902974842,ORDERO6A3MWAP,null,SUCCESS,250507631836,null,PAYIN,2.00,200,INR,null,null,null,null,null,null,null,2025-10-10T01:48:18.037580,2025-10-10T05:40:11.460520,null,null
GEN20251010858237626,ORDERJGNWC0AO,null,SUCCESS,250507631836,null,PAYIN,2.00,200,INR,null,null,null,null,null,null,null,2025-10-10T05:21:00.491745,2025-10-10T05:40:07.954821,null,null
GEN20251010834865876,ORDERSTAPPM65,null,SUCCESS,250507631836,null,PAYIN,2.00,200,INR,null,null,null,null,null,null,null,2025-10-10T05:39:56.854420,2025-10-10T05:40:04.417005,null,null
GEN20251010323447488,ORDERSWAIEFI4,null,SUCCESS,250507631836,null,PAYIN,2.00,200,INR,null,null,null,null,null,null,null,2025-10-10T05:38:01.386124,2025-10-10T05:40:00.172305,null,null
GEN20251009831563978,ORDER4T4SS7LD,null,SUCCESS,250507631836,null,PAYIN,2.00,200,INR,null,null,null,null,null,null,null,2025-10-09T03:51:34.423676,2025-10-09T04:00:03.812467,null,null
GEN20251009567630516,ORDER3M3JR7AM,null,SUCCESS,250507631836,null,PAYIN,2.00,200,INR,null,null,null,null,null,null,null,2025-10-09T03:51:58.793562,2025-10-09T03:51:58.797793,null,null
GEN20251009930601937,ORDEREO4BQCHQ,null,SUCCESS,250507631836,null,PAYIN,2.00,200,INR,null,null,null,null,null,null,null,2025-10-09T03:48:14.868657,2025-10-09T03:50:06.947158,null,null
GEN20251009940340623,ORDER6KEQXFXN,null,SUCCESS,250507631836,null,PAYIN,2.00,200,INR,null,null,null,null,null,null,null,2025-10-09T03:45:32.050146,2025-10-09T03:46:00.131384,null,null
GEN20251009416081273,ORDER4YBAUZVA,null,FAILED,250507631836,null,PAYIN,2.00,200,INR,null,null,null,null,null,null,null,2025-10-09T03:44:45.842760,2025-10-09T03:44:45.856701,null,null
GEN20251008954085667,ORDERGW1DLYLJ,null,SUCCESS,250507631836,null,PAYIN,2.00,200,INR,null,null,null,null,null,null,null,2025-10-08T15:24:10.654747,2025-10-08T15:26:03.740537,null,null
GEN20251008961164925,ORDERQI3SHC6N,null,SUCCESS,250507631836,null,PAYIN,2.00,200,INR,null,null,null,null,null,null,null,2025-10-08T15:18:36.561682,2025-10-08T15:22:24.294114,null,null
GEN20251008951086961,ORDER8GFBAKQA,null,SUCCESS,250507631836,null,PAYIN,2.00,200,INR,null,null,null,null,null,null,null,2025-10-08T14:42:51.071203,2025-10-08T15:22:20.934472,null,null
GEN20251008936174810,ORDERNYGS65V7,null,SUCCESS,250507631836,null,PAYIN,2.00,200,INR,null,null,null,null,null,null,null,2025-10-08T14:51:31.430202,2025-10-08T15:22:17.583624,null,null
GEN20251008795035922,ORDERZ7F81W5D,null,SUCCESS,250507631836,null,PAYIN,2.00,200,INR,null,null,null,null,null,null,null,2025-10-08T15:08:00.823976,2025-10-08T15:22:14.241947,null,null
GEN20251008735837814,ORDERZR1SM7TM,null,SUCCESS,250507631836,null,PAYIN,2.00,200,INR,null,null,null,null,null,null,null,2025-10-08T15:02:58.148142,2025-10-08T15:22:10.754851,null,null
GEN20251008874911696,ORDERF5P7W1QS,null,SUCCESS,250507631836,null,PAYIN,2.00,200,INR,null,null,null,null,null,null,null,2025-10-08T15:16:35.676374,2025-10-08T15:16:35.677850,null,null
GEN20251008585357538,ORDER5VT6S644,null,SUCCESS,250507631836,null,PAYIN,2.00,200,INR,null,null,null,null,null,null,null,2025-10-08T14:42:52.456147,2025-10-08T15:16:34.745507,null,null
GEN20251008412410062,ORDERV3GS0GXG,null,SUCCESS,250507631836,null,PAYIN,2.00,200,INR,null,null,null,null,null,null,null,2025-10-08T14:59:34.946484,2025-10-08T15:16:17.645931,null,null
GEN20251008004587689,ORDERT090M95W,null,SUCCESS,250507631836,null,PAYIN,2.00,200,INR,null,null,null,null,null,null,null,2025-10-08T14:53:47.114795,2025-10-08T15:16:00.121736,null,null
GEN20251008657300110,ORDERZOUZBUH2,null,SUCCESS,250507631836,null,PAYIN,2.00,200,INR,null,null,null,null,null,null,null,2025-10-08T14:30:22.735003,2025-10-08T14:36:00.162001,null,null
GEN20251008223959135,ORDERUCJ65SWX,null,FAILED,250507631836,null,PAYIN,2.00,200,INR,null,null,null,null,null,null,null,2025-10-08T14:30:44.666659,2025-10-08T14:30:44.669348,null,null
GEN20251008986136654,ORDERMOUQA1FF,null,SUCCESS,250507631836,null,PAYIN,2.00,200,INR,null,null,null,null,null,null,null,2025-10-08T14:25:14.258615,2025-10-08T14:28:14.374631,null,null
GEN20251008183713196,ORDERAGKPG2Q4,null,SUCCESS,250507631836,null,PAYIN,2.00,200,INR,null,null,null,null,null,null,null,2025-10-08T14:27:58.581235,2025-10-08T14:28:00.114890,null,null
GEN20251008370916771,ORDERKT739PI3,null,SUCCESS,250507631836,null,PAYIN,2.00,200,INR,null,null,null,null,null,null,null,2025-10-08T13:45:59.028240,2025-10-08T14:18:00.107282,null,null
GEN20251008996064068,ORDERLX22KM0U,null,SUCCESS,250507631836,null,PAYIN,2.00,200,INR,null,null,null,null,null,null,null,2025-10-08T13:54:43.708877,2025-10-08T14:17:50.118081,null,null
GEN20251008383821275,ORDERYYRHWIM8,null,SUCCESS,250507631836,null,PAYIN,2.00,200,INR,null,null,null,null,null,null,null,2025-10-08T13:37:36.969158,2025-10-08T14:17:42.796154,null,null
GEN20251008984596136,ORDER62CKIOIV,null,SUCCESS,250507631836,null,PAYIN,2.00,200,INR,null,null,null,null,null,null,null,2025-10-08T13:16:14.840620,2025-10-08T13:18:00.106083,null,null
GEN20251008223590349,ORDERNETA4UNK,null,SUCCESS,250507631836,null,PAYIN,2.00,200,INR,null,null,null,null,null,null,null,2025-10-08T13:13:53.948328,2025-10-08T13:14:00.086909,null,null
GEN20251008965325815,ORDERXXALP76G,null,SUCCESS,250507631836,null,PAYIN,2.00,200,INR,null,null,null,null,null,null,null,2025-10-08T13:10:37.153623,2025-10-08T13:12:14.196870,null,null
GEN20251008882765116,ORDERTSLU89A3,null,SUCCESS,250507631836,null,PAYIN,2.00,200,INR,null,null,null,null,null,null,null,2025-10-08T12:57:47.526016,2025-10-08T13:12:10.777070,null,null
GEN20251008033384156,ORDER051WKAQ9,null,SUCCESS,250507631836,null,PAYIN,2.00,200,INR,null,null,null,null,null,null,null,2025-10-08T12:28:05.536220,2025-10-08T12:52:00.370583,null,null
GEN20251008481184841,ORDER1NR31QCZ,null,SUCCESS,250507631836,null,PAYIN,2.00,200,INR,null,null,null,null,null,null,null,2025-10-08T12:17:54.624338,2025-10-08T12:20:00.170122,null,null
GEN20251008644445562,ORDER00646,null,SUCCESS,250507631836,null,PAYIN,3.00,300,INR,null,null,null,null,null,null,null,2025-10-08T12:09:24.236744,2025-10-08T12:10:07.605266,null,null
GEN20251008270184213,ORDERQWT99MVA,null,SUCCESS,250507631836,null,PAYIN,2.00,200,INR,null,null,null,null,null,null,null,2025-10-08T12:04:45.892576,2025-10-08T12:10:04.057122,null,null
GEN20251008168599328,ORDERL8VU52GJ,null,SUCCESS,250507631836,null,PAYIN,2.00,200,INR,null,null,null,null,null,null,null,2025-10-08T12:07:02.692128,2025-10-08T12:10:00.138409,null,null
GEN20251008309911549,ORDERJWQVXSTX,null,SUCCESS,250507631836,null,PAYIN,2.00,200,INR,null,null,null,null,null,null,null,2025-10-08T06:16:47.620611,2025-10-08T06:18:00.129154,null,null
GEN20251008669246656,ORDER00645,null,SUCCESS,250507631836,null,PAYIN,3.00,300,INR,null,null,null,null,null,null,null,2025-10-08T06:10:29.887101,2025-10-08T06:12:00.139152,null,null
GEN20251008875596866,ORDER00644,null,FAILED,250507631836,null,PAYIN,3.00,300,INR,null,null,null,null,null,null,null,2025-10-08T05:58:17.044834,2025-10-08T06:00:00.231378,null,null
GEN20251008871544497,ORDER1Q5OXG9E,null,FAILED,250507631836,null,PAYIN,2.00,200,INR,null,null,null,null,null,null,null,2025-10-08T05:51:22.333472,2025-10-08T05:52:07.553820,null,null
GEN20251008178546542,ORDERD1LRZFGA,null,SUCCESS,250507631836,null,PAYIN,100.50,10050,INR,null,null,null,null,null,null,null,2025-10-08T05:46:07.061845,2025-10-08T05:48:00.124592,null,null
GEN20251008431866675,ORDER00643,null,SUCCESS,250507631836,null,PAYIN,3.00,300,INR,null,null,null,null,null,null,null,2025-10-08T05:39:57.878599,2025-10-08T05:42:00.145536,null,null
GEN20251008972642547,ORDERZ273ATYT,null,SUCCESS,250507631836,null,PAYIN,100.50,10050,INR,null,null,null,null,null,null,null,2025-10-08T05:31:24.327513,2025-10-08T05:36:25.701964,null,null
GEN20251008680298803,ORDERT1EE0FS3,null,SUCCESS,250507631836,null,PAYIN,100.50,10050,INR,null,null,null,null,null,null,null,2025-10-08T05:35:16.324871,2025-10-08T05:36:18.557827,null,null
GEN20251008441812710,ORDERD57XTHV9,null,SUCCESS,250507631836,null,PAYIN,100.50,10050,INR,null,null,null,null,null,null,null,2025-10-08T05:29:44.310121,2025-10-08T05:36:11.319032,null,null
GEN20251008306082318,ORDERO69VWA20,null,SUCCESS,250507631836,null,PAYIN,100.50,10050,INR,null,null,null,null,null,null,null,2025-10-08T05:28:28.859649,2025-10-08T05:36:07.756528,null,null
GEN20251008625435552,ORDERRVAH1HKK,null,SUCCESS,250507631836,null,PAYIN,100.50,10050,INR,null,null,null,null,null,null,null,2025-10-08T05:26:34.455392,2025-10-08T05:28:07.514449,null,null
GEN20251008482041526,ORDER5XTPEKKG,null,SUCCESS,250507631836,null,PAYIN,100.50,10050,INR,null,null,null,null,null,null,null,2025-10-08T05:18:08.137563,2025-10-08T05:28:03.860053,null,null
GEN20251008077809732,ORDERRCB2DHP5,null,SUCCESS,250507631836,null,PAYIN,100.50,10050,INR,null,null,null,null,null,null,null,2025-10-08T05:23:13.937080,2025-10-08T05:28:00.114968,null,null
GEN20251008995980100,ORDERSDZGUDI3,null,SUCCESS,250507631836,null,PAYIN,100.50,10050,INR,null,null,null,null,null,null,null,2025-10-08T05:06:49.628534,2025-10-08T05:18:07.676802,null,null
GEN20251008782252619,ORDERBXVI1KLP,null,SUCCESS,250507631836,null,PAYIN,100.50,10050,INR,null,null,null,null,null,null,null,2025-10-08T05:17:18.139058,2025-10-08T05:18:03.960415,null,null
GEN20251008004541600,ORDERJIMCD3FE,null,SUCCESS,250507631836,null,PAYIN,100.50,10050,INR,null,null,null,null,null,null,null,2025-10-08T05:16:11.991383,2025-10-08T05:18:00.137625,null,null
GEN20251008074766186,ORDERTVZ4BI5B,null,FAILED,250507631836,null,PAYIN,100.50,10050,INR,null,null,null,null,null,null,null,2025-10-08T05:04:11.836695,2025-10-08T05:06:00.136696,null,null
GEN20251008506040777,ORDER6IU6YWXU,null,FAILED,250507631836,null,PAYIN,100.50,10050,INR,null,null,null,null,null,null,null,2025-10-08T04:57:42.003224,2025-10-08T05:04:07.863968,null,null
GEN20251008931344075,ORDERJTRXM4L7,null,SUCCESS,250507631836,null,PAYIN,100.50,10050,INR,null,null,null,null,null,null,null,2025-10-08T04:55:10.310756,2025-10-08T04:56:18.609298,null,null
GEN20251008624776906,ORDER2Z6GBPK4,null,SUCCESS,250507631836,null,PAYIN,100.50,10050,INR,null,null,null,null,null,null,null,2025-10-08T04:42:47.745156,2025-10-08T04:56:11.234560,null,null
GEN20251008500305223,ORDERTMG3CRLY,null,SUCCESS,250507631836,null,PAYIN,100.50,10050,INR,null,null,null,null,null,null,null,2025-10-08T04:36:20.257829,2025-10-08T04:56:03.911361,null,null
GEN20251008707364037,ORDERWZ48HCLK,null,SUCCESS,250507631836,null,PAYIN,100.50,10050,INR,null,null,null,null,null,null,null,2025-10-08T04:20:08.365598,2025-10-08T04:34:11.215407,null,null
GEN20251008290508225,ORDERFL5Y7RN2,null,SUCCESS,250507631836,null,PAYIN,100.50,10050,INR,null,null,null,null,null,null,null,2025-10-08T04:29:54.476772,2025-10-08T04:34:07.541116,null,null
GEN20251008273709246,ORDER78KRQE1N,null,SUCCESS,250507631836,null,PAYIN,100.50,10050,INR,null,null,null,null,null,null,null,2025-10-08T04:33:17.024792,2025-10-08T04:34:03.884057,null,null
GEN20251008128267048,ORDER5LIBQCNF,null,SUCCESS,250507631836,null,PAYIN,100.50,10050,INR,null,null,null,null,null,null,null,2025-10-08T04:33:34.306668,2025-10-08T04:34:00.128086,null,null
GEN20251008909048516,ORDER5Y141TNY,null,SUCCESS,250507631836,null,PAYIN,100.50,10050,INR,null,null,null,null,null,null,null,2025-10-08T04:27:59.974626,2025-10-08T04:28:33.668406,null,null
GEN20251008841690350,ORDER2GMJHV60,null,SUCCESS,250507631836,null,PAYIN,100.50,10050,INR,null,null,null,null,null,null,null,2025-10-08T04:27:45.794393,2025-10-08T04:28:29.969996,null,null
GEN20251008816993486,ORDERG4PGMH9M,null,SUCCESS,250507631836,null,PAYIN,100.50,10050,INR,null,null,null,null,null,null,null,2025-10-08T04:24:55.451356,2025-10-08T04:28:26.303694,null,null
GEN20251008782333013,ORDERX6D9BO98,null,SUCCESS,250507631836,null,PAYIN,100.50,10050,INR,null,null,null,null,null,null,null,2025-10-08T04:15:29.929371,2025-10-08T04:28:22.619068,null,null
GEN20251008422131585,ORDERI4WJXU7L,null,SUCCESS,250507631836,null,PAYIN,100.50,10050,INR,null,null,null,null,null,null,null,2025-10-08T04:08:46.255789,2025-10-08T04:28:18.890974,null,null
GEN20251008349558395,ORDERWO55AU4S,null,SUCCESS,250507631836,null,PAYIN,100.50,10050,INR,null,null,null,null,null,null,null,2025-10-08T04:23:39.167719,2025-10-08T04:28:15.243516,null,null
GEN20251008282760669,ORDERTQIBWIM4,null,SUCCESS,250507631836,null,PAYIN,100.50,10050,INR,null,null,null,null,null,null,null,2025-10-08T03:56:34.524775,2025-10-08T04:28:11.553644,null,null
GEN20251008278042568,ORDER0SW15GBC,null,SUCCESS,250507631836,null,PAYIN,100.50,10050,INR,null,null,null,null,null,null,null,2025-10-08T04:23:01.343260,2025-10-08T04:28:07.778284,null,null
GEN20251008238587324,ORDER62YLPIDH,null,SUCCESS,250507631836,null,PAYIN,100.50,10050,INR,null,null,null,null,null,null,null,2025-10-08T04:14:34.064846,2025-10-08T04:28:04.194655,null,null
GEN20251008148412362,ORDERHY82360Z,null,SUCCESS,250507631836,null,PAYIN,100.50,10050,INR,null,null,null,null,null,null,null,2025-10-08T04:02:39.034636,2025-10-08T04:28:00.195852,null,null
GEN20251008766018005,ORDERJLRZMW5I,null,SUCCESS,250507631836,null,PAYIN,100.50,10050,INR,null,null,null,null,null,null,null,2025-10-08T03:33:14.223881,2025-10-08T03:56:30.485243,null,null
GEN20251008721060632,ORDERXDKWM8BE,null,SUCCESS,250507631836,null,PAYIN,100.50,10050,INR,null,null,null,null,null,null,null,2025-10-08T03:55:52.476476,2025-10-08T03:56:26.735052,null,null
GEN20251008717117901,ORDERIL6GN7DA,null,SUCCESS,250507631836,null,PAYIN,100.50,10050,INR,null,null,null,null,null,null,null,2025-10-08T03:55:32.168417,2025-10-08T03:56:23.026452,null,null
GEN20251008713218838,ORDERZPRWFJ6J,null,SUCCESS,250507631836,null,PAYIN,100.50,10050,INR,null,null,null,null,null,null,null,2025-10-08T03:42:11.979105,2025-10-08T03:56:19.360385,null,null
GEN20251008709946304,ORDERAWHY4LO6,null,SUCCESS,250507631836,null,PAYIN,100.50,10050,INR,null,null,null,null,null,null,null,2025-10-08T02:20:54.923314,2025-10-08T03:56:15.634681,null,null
GEN20251008646723892,ORDER2M5UHV5B,null,SUCCESS,250507631836,null,PAYIN,100.50,10050,INR,null,null,null,null,null,null,null,2025-10-08T03:48:55.394070,2025-10-08T03:56:11.862169,null,null
GEN20251008412840408,ORDERU8NMW7KW,null,SUCCESS,250507631836,null,PAYIN,100.50,10050,INR,null,null,null,null,null,null,null,2025-10-08T03:34:11.776910,2025-10-08T03:56:08.009924,null,null
GEN20251008409697471,ORDER2QXBOBRQ,null,SUCCESS,250507631836,null,PAYIN,100.50,10050,INR,null,null,null,null,null,null,null,2025-10-08T03:25:45.347903,2025-10-08T03:56:04.270844,null,null
GEN20251008202606815,ORDER51YS9GDD,null,SUCCESS,250507631836,null,PAYIN,100.50,10050,INR,null,null,null,null,null,null,null,2025-10-08T03:51:09.553338,2025-10-08T03:56:00.111578,null,null
GEN20251008904570714,ORDERWIAGQK2H,null,SUCCESS,250507631836,null,PAYIN,100.50,10050,INR,null,null,null,null,null,null,null,2025-10-08T00:47:09.575583,2025-10-08T01:24:08.190262,null,null
GEN20251008782839189,ORDERO67ZN963,null,SUCCESS,250507631836,null,PAYIN,100.50,10050,INR,null,null,null,null,null,null,null,2025-10-08T01:23:15.908243,2025-10-08T01:24:04.449193,null,null
GEN20251008178302602,ORDERAIKW5659,null,SUCCESS,250507631836,null,PAYIN,1.00,100,INR,null,null,null,null,null,null,null,2025-10-08T00:39:39.660213,2025-10-08T01:24:00.138629,null,null
GEN20251008395229715,ORDERJ43HR81L,null,SUCCESS,250507631836,null,PAYIN,100.50,10050,INR,null,null,null,null,null,null,null,2025-10-08T00:47:30.238472,2025-10-08T00:47:30.241063,null,null
GEN20251007281383277,ORDER00642,null,SUCCESS,250507631836,null,PAYIN,3.00,300,INR,null,null,null,null,null,null,null,2025-10-07T19:57:36.183533,2025-10-07T19:58:00.134311,null,null
GEN20251007930924427,ORDER6QKI0RLF,null,SUCCESS,250507631836,null,PAYIN,100.50,10050,INR,null,null,null,null,null,null,null,2025-10-07T19:45:40.895035,2025-10-07T19:56:25.267913,null,null
GEN20251007929356712,ORDERMQHVKKV0,null,SUCCESS,250507631836,null,PAYIN,100.50,10050,INR,null,null,null,null,null,null,null,2025-10-07T19:44:30.252287,2025-10-07T19:56:23.679826,null,null
GEN20251007805626091,ORDERATWGFVJ7,null,SUCCESS,250507631836,null,PAYIN,100.50,10050,INR,null,null,null,null,null,null,null,2025-10-07T19:43:24.319573,2025-10-07T19:56:22.070850,null,null
GEN20251007793676798,ORDER00636,null,SUCCESS,250507631836,null,PAYIN,3.00,300,INR,null,null,null,null,null,null,null,2025-10-07T19:11:24.532663,2025-10-07T19:56:20.472735,null,null
GEN20251007721355352,ORDERLYJ25KJS,null,SUCCESS,250507631836,null,PAYIN,100.50,10050,INR,null,null,null,null,null,null,null,2025-10-07T19:53:45.373985,2025-10-07T19:56:18.860375,null,null
GEN20251007701005929,ORDER00634,null,SUCCESS,250507631836,null,PAYIN,3.00,300,INR,null,null,null,null,null,null,null,2025-10-07T18:47:44.634815,2025-10-07T19:56:18.793125,null,null
GEN20251007639119112,ORDERM3O4SDQE,null,SUCCESS,250507631836,null,PAYIN,100.50,10050,INR,null,null,null,null,null,null,null,2025-10-07T19:40:14.796890,2025-10-07T19:56:17.148194,null,null
GEN20251007462508072,ORDERWJ12QRI0,null,SUCCESS,250507631836,null,PAYIN,100.50,10050,INR,null,null,null,null,null,null,null,2025-10-07T19:39:39.697145,2025-10-07T19:56:15.455484,null,null
GEN20251007451187893,ORDERO57C47EV,null,SUCCESS,250507631836,null,PAYIN,100.50,10050,INR,null,null,null,null,null,null,null,2025-10-07T19:41:10.036253,2025-10-07T19:56:13.814414,null,null
GEN20251007447002749,ORDER00637,null,SUCCESS,250507631836,null,PAYIN,3.00,300,INR,null,null,null,null,null,null,null,2025-10-07T19:14:42.463316,2025-10-07T19:56:12.197641,null,null
GEN20251007432064652,ORDERD7F45T0L,null,SUCCESS,250507631836,null,PAYIN,100.50,10050,INR,null,null,null,null,null,null,null,2025-10-07T19:42:31.923870,2025-10-07T19:56:10.561988,null,null
GEN20251007316338753,ORDERZYFAPYFA,null,SUCCESS,250507631836,null,PAYIN,100.50,10050,INR,null,null,null,null,null,null,null,2025-10-07T19:46:20.943588,2025-10-07T19:56:08.911270,null,null
GEN20251007294964943,ORDER00639,null,SUCCESS,250507631836,null,PAYIN,3.00,300,INR,null,null,null,null,null,null,null,2025-10-07T19:16:49.138489,2025-10-07T19:56:07.209778,null,null
GEN20251007193655656,ORDERKIIHSFVN,null,SUCCESS,250507631836,null,PAYIN,100.50,10050,INR,null,null,null,null,null,null,null,2025-10-07T19:54:25.951446,2025-10-07T19:56:05.522877,null,null
GEN20251007168357272,ORDER00638,null,SUCCESS,250507631836,null,PAYIN,3.00,300,INR,null,null,null,null,null,null,null,2025-10-07T19:15:30.845152,2025-10-07T19:56:03.892742,null,null
GEN20251007040843535,ORDER00641,null,SUCCESS,250507631836,null,PAYIN,3.00,300,INR,null,null,null,null,null,null,null,2025-10-07T19:19:37.925175,2025-10-07T19:56:02.244361,null,null
GEN20251007019974865,ORDER00640,null,SUCCESS,250507631836,null,PAYIN,3.00,300,INR,null,null,null,null,null,null,null,2025-10-07T19:18:03.311709,2025-10-07T19:56:00.123381,null,null
GEN20251007718289685,ORDER00635,null,FAILED,250507631836,null,PAYIN,3.00,300,INR,null,null,null,null,null,null,null,2025-10-07T19:04:05.557520,2025-10-07T19:04:05.566886,null,null
GEN20251006824908686,ORDER00615,null,SUCCESS,250507631836,null,PAYIN,3.00,300,INR,null,null,null,null,null,null,null,2025-10-06T04:43:40.796103,2025-10-06T05:52:03.860038,null,null
GEN20251006724914650,ORDER00618,null,SUCCESS,250507631836,null,PAYIN,3.00,300,INR,null,null,null,null,null,null,null,2025-10-06T04:49:46.458519,2025-10-06T05:52:02.275059,null,null
GEN20251006385363213,ORDER00617,null,SUCCESS,250507631836,null,PAYIN,3.00,300,INR,null,null,null,null,null,null,null,2025-10-06T04:48:11.735096,2025-10-06T05:52:00.139217,null,null
GEN20251006457026170,ORDER00614,null,SUCCESS,250507631836,null,PAYIN,3.00,300,INR,null,null,null,null,null,null,null,2025-10-06T04:35:06.433210,2025-10-06T04:36:00.150431,null,null
GEN20251006639570350,ORDER4U8NHGS9,null,SUCCESS,250507631836,null,PAYIN,100.50,10050,INR,null,null,null,null,null,null,null,2025-10-06T04:18:36.918170,2025-10-06T04:20:01.872493,null,null
GEN20251006136576868,ORDERNDA6LOTR,null,SUCCESS,250507631836,null,PAYIN,2.00,200,INR,null,null,null,null,null,null,null,2025-10-06T04:19:43.715246,2025-10-06T04:20:00.184746,null,null
GEN20251006722413069,ORDER00613,null,SUCCESS,250507631836,null,PAYIN,3.00,300,INR,null,null,null,null,null,null,null,2025-10-06T04:14:48.175088,2025-10-06T04:16:01.854256,null,null
GEN20251006283595535,ORDER00612,null,SUCCESS,250507631836,null,PAYIN,3.00,300,INR,null,null,null,null,null,null,null,2025-10-06T04:03:03.593892,2025-10-06T04:16:00.152419,null,null
GEN20251006240800945,ORDER00611,null,SUCCESS,250507631836,null,PAYIN,3.00,300,INR,null,null,null,null,null,null,null,2025-10-06T04:00:10.888048,2025-10-06T04:02:00.139316,null,null
GEN20251006730004721,ORDER00610,null,SUCCESS,250507631836,null,PAYIN,3.00,300,INR,null,null,null,null,null,null,null,2025-10-06T03:50:52.848326,2025-10-06T03:52:00.134748,null,null
GEN20251006799677867,ORDER00609,null,SUCCESS,250507631836,null,PAYIN,3.00,300,INR,null,null,null,null,null,null,null,2025-10-06T03:47:33.146016,2025-10-06T03:48:00.103643,null,null
GEN20251006582229495,ORDER00608,null,SUCCESS,250507631836,null,PAYIN,3.00,300,INR,null,null,null,null,null,null,null,2025-10-06T03:36:31.065840,2025-10-06T03:38:00.146535,null,null
GEN20251006331553784,ORDER00606,null,SUCCESS,250507631836,null,PAYIN,3.00,300,INR,null,null,null,null,null,null,null,2025-10-06T03:20:01.691812,2025-10-06T03:28:01.996645,null,null
GEN20251006084673373,ORDER00607,null,SUCCESS,250507631836,null,PAYIN,3.00,300,INR,null,null,null,null,null,null,null,2025-10-06T03:25:59.685113,2025-10-06T03:28:00.145606,null,null
GEN20251006647775374,ORDER00275,null,SUCCESS,250507631836,null,PAYIN,6.00,600,INR,null,null,null,null,null,null,null,2025-10-06T03:14:10.053778,2025-10-06T03:16:00.113573,null,null
GEN20251006007524107,order01234214335,null,SUCCESS,250507631836,null,PAYIN,2.00,200,INR,null,null,null,null,null,null,null,2025-10-06T03:04:42.617684,2025-10-06T03:06:00.165369,null,null
GEN20251006902269857,ORDER5CXJC8RG,null,SUCCESS,250507631836,null,PAYIN,100.50,10050,INR,null,null,null,null,null,null,null,2025-10-06T02:47:27.491875,2025-10-06T02:48:00.160914,null,null
GEN20251006431594710,ORDER00274,null,SUCCESS,250507631836,null,PAYIN,6.00,600,INR,null,null,null,null,null,null,null,2025-10-06T02:13:17.344514,2025-10-06T02:14:00.135461,null,null
GEN20251006862282326,ORDERAK4GY7IY,null,SUCCESS,250507631836,null,PAYIN,1.00,100,INR,null,null,null,null,null,null,null,2025-10-06T01:51:51.035750,2025-10-06T01:52:00.141612,null,null
GEN20251006992008074,ORDERJZE9SIDA,null,SUCCESS,250507631836,null,PAYIN,2.00,200,INR,null,null,null,null,null,null,null,2025-10-06T01:03:13.050825,2025-10-06T01:06:00.119079,null,null
GEN20251006545148598,ORDERYFQ4JJK6,null,FAILED,250507631836,null,PAYIN,2.00,200,INR,null,null,null,null,null,null,null,2025-10-06T00:59:36.128788,2025-10-06T01:02:00.126084,null,null
GEN20251006169263813,ORDER46D7QV1E,null,FAILED,250507631836,null,PAYIN,100.50,10050,INR,null,null,null,null,null,null,null,2025-10-06T00:57:55.625867,2025-10-06T01:00:00.144894,null,null
GEN20251006155001052,ORDERJRDY0W1I,null,FAILED,250507631836,null,PAYIN,100.50,10050,INR,null,null,null,null,null,null,null,2025-10-06T00:55:40.804811,2025-10-06T00:56:00.098496,null,null
GEN20251006648727285,ORDERDOQ68TDJ,null,SUCCESS,250507631836,null,PAYIN,100.50,10050,INR,null,null,null,null,null,null,null,2025-10-06T00:46:34.819453,2025-10-06T00:54:05.263374,null,null
GEN20251006482024557,ORDERA9HDY21U,null,SUCCESS,250507631836,null,PAYIN,100.50,10050,INR,null,null,null,null,null,null,null,2025-10-06T00:49:47.197871,2025-10-06T00:54:03.670909,null,null
GEN20251006468716064,ORDERL7INCUM3,null,SUCCESS,250507631836,null,PAYIN,100.50,10050,INR,null,null,null,null,null,null,null,2025-10-06T00:52:08.909098,2025-10-06T00:54:02.079199,null,null
GEN20251006352033133,ORDERJHHR4A09,null,SUCCESS,250507631836,null,PAYIN,100.50,10050,INR,null,null,null,null,null,null,null,2025-10-06T00:53:19.183866,2025-10-06T00:54:00.100872,null,null
GEN20251006501613352,ORDERW2IJ4Q3S,null,SUCCESS,250507631836,null,PAYIN,100.50,10050,INR,null,null,null,null,null,null,null,2025-10-06T00:15:09.961948,2025-10-06T00:16:00.157248,null,null
GEN20251005873215255,ORDER3GVBEMNP,null,SUCCESS,250507631836,null,PAYIN,2.00,200,INR,null,null,null,null,null,null,null,2025-10-05T23:29:20.844360,2025-10-05T23:54:03.678296,null,null
GEN20251005830807016,ORDERIBEPUAO0,null,SUCCESS,250507631836,null,PAYIN,100.50,10050,INR,null,null,null,null,null,null,null,2025-10-05T23:52:47.016463,2025-10-05T23:54:01.998015,null,null
GEN20251005416457813,ORDER9KMQ9FD8,null,SUCCESS,250507631836,null,PAYIN,100.50,10050,INR,null,null,null,null,null,null,null,2025-10-05T23:30:09.631489,2025-10-05T23:54:00.120532,null,null
GEN20251005659025801,ORDERGR96YQQ2,null,SUCCESS,250507631836,null,PAYIN,100.50,10050,INR,null,null,null,null,null,null,null,2025-10-05T23:25:21.182015,2025-10-05T23:28:03.925957,null,null
GEN20251005421905508,ORDER2WIKQR1U,null,SUCCESS,250507631836,null,PAYIN,100.50,10050,INR,null,null,null,null,null,null,null,2025-10-05T23:26:54.408670,2025-10-05T23:28:02.206647,null,null
GEN20251005205353951,ORDERX4RBMMSW,null,SUCCESS,250507631836,null,PAYIN,100.50,10050,INR,null,null,null,null,null,null,null,2025-10-05T23:25:47.348836,2025-10-05T23:28:00.140951,null,null
GEN20251005153147133,order10375,null,SUCCESS,250507631836,null,PAYIN,2.00,200,INR,null,null,null,null,null,null,null,2025-10-05T00:45:56.500150,2025-10-05T00:46:00.073693,null,null
GEN20251005637327373,order10374,null,SUCCESS,250507631836,null,PAYIN,2.00,200,INR,null,null,null,null,null,null,null,2025-10-05T00:38:52.223624,2025-10-05T00:40:00.092994,null,null
GEN20251005659538296,order10372,null,SUCCESS,250507631836,null,PAYIN,2.00,200,INR,null,null,null,null,null,null,null,2025-10-05T00:23:07.122517,2025-10-05T00:24:00.129409,null,null
